{
  "model": "conette",
  "compression_technique": "kd",
  "dataset": "clotho",
  "seed": 42,
  "model_size_mb": 151.349607,
  "unquantized_parameters": 36392069,
  "flops": 83853929472,
  "device": "cuda:0",
  "inference_time_in_s": "182.267",
  "evaluation_results": {
    "cider_d": 0.4674133950680013,
    "spice": 0.13384499922156967,
    "spider": 0.3006291971447855,
    "sbert_sim": 0.5145480977848137,
    "fer": 0.0019138755980861245,
    "fense": 0.513374059478436,
    "meteor": 0.1880341077184567
  }
}