{
  "epoch": 16,
  "val_loss": 0.22929672726238046,
  "fense": 0.49894051320534466
}