{
  "epoch": 15,
  "val_loss": 5.013518318875145,
  "fense": 0.5035660744319407
}