{
  "epoch": 6,
  "val_loss": 4.9717096554414,
  "fense": 0.501119626244646
}