{
  "epoch": 8,
  "val_loss": 4.975570041714734,
  "fense": 0.5028070985159556
}