{
  "epoch": 8,
  "val_loss": 0.0009219596230865719,
  "fense": 0.5119074069605204
}