{
  "model": "conette",
  "compression_technique": "pruning",
  "dataset": "audiocaps",
  "seed": 42,
  "model_size_mb": 112.417063,
  "unquantized_parameters": 26658840,
  "flops": 31643847961,
  "device": "cuda:0",
  "inference_time_in_s": "108.899",
  "pruning_setup": {
    "decoder_pruning_ratio": 0.7,
    "convnext_3072_threshold": null,
    "convnext_1536_threshold": null,
    "global_pruning_ratio": 0.7,
    "score_mode": "wanda",
    "num_calibration_batches": 128
  },
  "evaluation_results": {
    "cider_d": 0.5077226194486171,
    "spice": 0.12340934167426967,
    "spider": 0.31556598056144336,
    "sbert_sim": 0.5015071780177263,
    "fer": 0.003076923076923077,
    "fense": 0.49955243355035783,
    "meteor": 0.19073884832714993
  }
}