{
  "epoch": 10,
  "val_loss": 0.006181831091272695,
  "fense": 0.5102630598636335
}