{
  "model": "conette",
  "compression_technique": "pruning",
  "dataset": "audiocaps",
  "seed": 42,
  "model_size_mb": 150.792167,
  "unquantized_parameters": 36252725,
  "flops": 39410869120,
  "device": "cuda:0",
  "inference_time_in_s": "107.973",
  "pruning_setup": {
    "decoder_pruning_ratio": null,
    "convnext_3072_threshold": null,
    "convnext_1536_threshold": null,
    "global_pruning_ratio": 0.5,
    "score_mode": "wanda",
    "num_calibration_batches": 128
  },
  "evaluation_results": {
    "cider_d": 0.65394719865624,
    "spice": 0.16824480366904784,
    "spider": 0.4110960011626439,
    "sbert_sim": 0.5930299006135036,
    "fer": 0.005128205128205128,
    "fense": 0.5906619449563515,
    "meteor": 0.22291463829927904
  }
}