{
  "epoch": -1,
  "val_loss": 0.5775985048927423,
  "fense": 0.41111791029345224
}