{
  "epoch": 11,
  "val_loss": 0.011773969867899445,
  "fense": 0.5112654132304187
}