{
  "epoch": 2,
  "val_loss": 0.07737382492832555,
  "fense": 0.5116046365560813
}