{
  "epoch": 14,
  "val_loss": 0.426761545752751,
  "fense": 0.4891223584588296
}