{
  "model": "conette",
  "compression_technique": "pruning",
  "dataset": "clotho",
  "seed": 42,
  "model_size_mb": 179.923815,
  "unquantized_parameters": 43535656,
  "flops": 91728807321,
  "device": "cuda:0",
  "eval_batch_size": 8,
  "total_inference_time_in_s": "140.539",
  "latency_ms_per_sample_mean": 120.90186309814453,
  "latency_ms_per_sample_std": 20.808612823486328,
  "pruning_setup": {
    "decoder_pruning_ratio": 0.9,
    "convnext_3072_threshold": null,
    "convnext_1536_threshold": null,
    "global_pruning_ratio": null,
    "score_mode": "wanda",
    "num_calibration_batches": 128
  },
  "evaluation_results": {
    "cider_d": 0.4173083821249144,
    "spice": 0.12395552001079496,
    "spider": 0.27063195106785465,
    "sbert_sim": 0.5101994884739581,
    "fer": 0.07655502392344497,
    "fense": 0.47791808030091265,
    "meteor": 0.17324539283604756
  }
}