{
  "epoch": 17,
  "val_loss": 0.014664961249062806,
  "fense": 0.5055000819540338
}