{
  "model": "conette",
  "compression_technique": "pruning",
  "dataset": "clotho",
  "seed": 44,
  "model_size_mb": 179.923751,
  "unquantized_parameters": 43535656,
  "flops": 91821265510,
  "device": "cuda:0",
  "eval_batch_size": 8,
  "total_inference_time_in_s": "172.966",
  "latency_ms_per_sample_mean": 145.68153381347656,
  "latency_ms_per_sample_std": 24.821500778198242,
  "pruning_setup": {
    "decoder_pruning_ratio": 0.9,
    "convnext_3072_threshold": null,
    "convnext_1536_threshold": null,
    "global_pruning_ratio": null,
    "score_mode": "wanda",
    "num_calibration_batches": 128,
    "calibration_dataset": "clotho",
    "calibration_shuffle": true
  },
  "evaluation_results": {
    "cider_d": 0.4250244314408797,
    "spice": 0.12466949339535398,
    "spider": 0.27484696241811685,
    "sbert_sim": 0.5125936308786558,
    "fer": 0.0708133971291866,
    "fense": 0.48157339868059995,
    "meteor": 0.17702017333977002
  }
}