{
  "epoch": -1,
  "val_loss": 0.5099174075454246,
  "fense": 0.4656736774994372
}