{
  "epoch": 9,
  "val_loss": 0.044656526055613543,
  "fense": 0.4987008930946829
}