{
  "epoch": 9,
  "val_loss": 0.04427568426796498,
  "fense": 0.4986759638175832
}