{
  "epoch": 11,
  "val_loss": 4.979957831724909,
  "fense": 0.503345670892309
}