{
  "model": "conette",
  "compression_technique": "pruning",
  "dataset": "clotho",
  "seed": 42,
  "model_size_mb": 190.009383,
  "unquantized_parameters": 46057051,
  "flops": 92086987776,
  "device": "cuda:0",
  "eval_batch_size": 8,
  "total_inference_time_in_s": "138.264",
  "latency_ms_per_sample_mean": 101.73892211914062,
  "latency_ms_per_sample_std": 16.413881301879883,
  "pruning_setup": {
    "decoder_pruning_ratio": 0.5,
    "convnext_3072_threshold": null,
    "convnext_1536_threshold": null,
    "global_pruning_ratio": null,
    "score_mode": "sum_l2",
    "num_calibration_batches": 128,
    "calibration_dataset": "clotho",
    "calibration_shuffle": false
  },
  "evaluation_results": {
    "cider_d": 0.48047686887767976,
    "spice": 0.13460188507982804,
    "spider": 0.3075393769787539,
    "sbert_sim": 0.5071672525016243,
    "fer": 0.0009569377990430622,
    "fense": 0.5065611034487352,
    "meteor": 0.18655365841723842
  }
}