{
  "epoch": 15,
  "val_loss": 5.066268964578177,
  "fense": 0.50447762794757
}