{
  "model": "conette",
  "compression_technique": "pruning",
  "dataset": "clotho",
  "seed": 44,
  "model_size_mb": 171.520615,
  "unquantized_parameters": 41434844,
  "flops": 86127568588,
  "device": "cuda:0",
  "eval_batch_size": 8,
  "total_inference_time_in_s": "147.899",
  "latency_ms_per_sample_mean": 128.0851287841797,
  "latency_ms_per_sample_std": 26.032150268554688,
  "pruning_setup": {
    "decoder_pruning_ratio": null,
    "convnext_3072_threshold": null,
    "convnext_1536_threshold": null,
    "global_pruning_ratio": 0.3,
    "score_mode": "wanda",
    "num_calibration_batches": 128,
    "calibration_dataset": "clotho",
    "calibration_shuffle": true
  },
  "evaluation_results": {
    "cider_d": 0.47944978355007123,
    "spice": 0.13841375434443598,
    "spider": 0.3089317689472536,
    "sbert_sim": 0.512122565418767,
    "fer": 0.0028708133971291866,
    "fense": 0.5107579857560152,
    "meteor": 0.19075298428109416
  }
}