{
  "model": "conette",
  "compression_technique": "pruning",
  "dataset": "clotho",
  "seed": 42,
  "model_size_mb": 135.253671,
  "unquantized_parameters": 32368026,
  "flops": 64512419635,
  "device": "cuda:0",
  "inference_time_in_s": "156.693",
  "pruning_setup": {
    "decoder_pruning_ratio": null,
    "convnext_3072_threshold": null,
    "convnext_1536_threshold": null,
    "global_pruning_ratio": 0.65,
    "score_mode": "random",
    "num_calibration_batches": 128
  },
  "evaluation_results": {
    "cider_d": 0.3536246212304548,
    "spice": 0.10786449627761238,
    "spider": 0.2307445587540336,
    "sbert_sim": 0.44991495065195,
    "fer": 0.0019138755980861245,
    "fense": 0.44915119503584633,
    "meteor": 0.167914439988216
  }
}