{
  "model": "conette",
  "compression_technique": "pruning",
  "dataset": "audiocaps",
  "seed": 42,
  "model_size_mb": 145.610599,
  "unquantized_parameters": 34957262,
  "flops": 37980127820,
  "device": "cuda:0",
  "inference_time_in_s": "108.357",
  "pruning_setup": {
    "decoder_pruning_ratio": null,
    "convnext_3072_threshold": null,
    "convnext_1536_threshold": null,
    "global_pruning_ratio": 0.55,
    "score_mode": "wanda",
    "num_calibration_batches": 128
  },
  "evaluation_results": {
    "cider_d": 0.6446450990810015,
    "spice": 0.1657587576392125,
    "spider": 0.40520192836010704,
    "sbert_sim": 0.5884457600861788,
    "fer": 0.003076923076923077,
    "fense": 0.5870393683555035,
    "meteor": 0.22155575171180794
  }
}