{
  "model": "conette",
  "compression_technique": "pruning",
  "dataset": "clotho",
  "seed": 42,
  "model_size_mb": 130.085031,
  "unquantized_parameters": 31075888,
  "flops": 69224063692,
  "device": "cuda:0",
  "inference_time_in_s": "154.053",
  "pruning_setup": {
    "decoder_pruning_ratio": null,
    "convnext_3072_threshold": null,
    "convnext_1536_threshold": null,
    "global_pruning_ratio": 0.7,
    "score_mode": "sum_l2",
    "num_calibration_batches": 128
  },
  "evaluation_results": {
    "cider_d": 0.29352031368311193,
    "spice": 0.10572243089136776,
    "spider": 0.19962137228723986,
    "sbert_sim": 0.4013573906852298,
    "fer": 0.0,
    "fense": 0.4013573906852298,
    "meteor": 0.1596465813334263
  }
}