{
  "model": "conette",
  "compression_technique": "pruning",
  "dataset": "clotho",
  "seed": 42,
  "model_size_mb": 130.085031,
  "unquantized_parameters": 31075888,
  "flops": 69221986406,
  "device": "cuda:0",
  "inference_time_in_s": "178.329",
  "pruning_setup": {
    "decoder_pruning_ratio": null,
    "convnext_3072_threshold": null,
    "convnext_1536_threshold": null,
    "global_pruning_ratio": 0.7,
    "score_mode": "sum_l2",
    "num_calibration_batches": 128
  },
  "evaluation_results": {
    "cider_d": 0.2941415495559824,
    "spice": 0.10471046416501387,
    "spider": 0.1994260068604981,
    "sbert_sim": 0.4057115848725168,
    "fer": 0.0,
    "fense": 0.4057115848725168,
    "meteor": 0.16043338659132392
  }
}