{
  "model": "conette",
  "compression_technique": "kd+quantization",
  "dataset": "clotho",
  "seed": 42,
  "model_size_mb": 84.114729,
  "unquantized_parameters": 43535656,
  "flops": null,
  "device": "cuda:0",
  "eval_batch_size": 8,
  "total_inference_time_in_s": "151.359",
  "latency_ms_per_sample_mean": 121.8537826538086,
  "latency_ms_per_sample_std": 14.541707992553711,
  "evaluation_results": {
    "cider_d": 0.42704122837231245,
    "spice": 0.12463267127594206,
    "spider": 0.27583694982412726,
    "sbert_sim": 0.5152512647960175,
    "fer": 0.07177033492822966,
    "fense": 0.484478649417892,
    "meteor": 0.17660136832258969
  }
}