{
  "epoch": 12,
  "val_loss": 2.501184587260239,
  "fense": 0.5102828681648098
}