{
  "model": "conette",
  "compression_technique": "quantization",
  "dataset": "audiocaps",
  "seed": 42,
  "model_size_mb": 89.410024,
  "unquantized_parameters": 49208923,
  "flops": null,
  "device": "cuda:0",
  "inference_time_in_s": "565.460",
  "evaluation_results": {
    "cider_d": 0.7193760490752092,
    "spice": 0.17158958050346582,
    "spider": 0.44548281478933754,
    "sbert_sim": 0.6131383305749832,
    "fer": 0.0041025641025641026,
    "fense": 0.6107953991576648,
    "meteor": 0.23111598697250332
  }
}