{
  "model": "conette",
  "compression_technique": "quantization",
  "dataset": "audiocaps",
  "seed": 42,
  "model_size_mb": 89.953385,
  "unquantized_parameters": 49208923,
  "flops": null,
  "device": "cuda:0",
  "inference_time_in_s": "123.897",
  "evaluation_results": {
    "cider_d": 0.7277807324404804,
    "spice": 0.17152491377323487,
    "spider": 0.4496528231068576,
    "sbert_sim": 0.6143028437059659,
    "fer": 0.0041025641025641026,
    "fense": 0.6119599122886474,
    "meteor": 0.23153646223788885
  }
}