{
  "epoch": 9,
  "val_loss": 0.012462988186570751,
  "fense": 0.5105091360963561
}