{
  "model": "conette",
  "compression_technique": "pruning",
  "dataset": "clotho",
  "seed": 42,
  "model_size_mb": 130.069159,
  "unquantized_parameters": 31071919,
  "flops": 65854249574,
  "device": "cuda:0",
  "eval_batch_size": 8,
  "total_inference_time_in_s": "159.324",
  "latency_ms_per_sample_mean": 119.90532684326172,
  "latency_ms_per_sample_std": 16.1883602142334,
  "pruning_setup": {
    "decoder_pruning_ratio": null,
    "convnext_3072_threshold": null,
    "convnext_1536_threshold": null,
    "global_pruning_ratio": 0.7,
    "score_mode": "wanda",
    "num_calibration_batches": 128,
    "calibration_dataset": "clotho",
    "calibration_shuffle": true
  },
  "evaluation_results": {
    "cider_d": 0.38605801766533315,
    "spice": 0.12206577196060232,
    "spider": 0.25406189481296776,
    "sbert_sim": 0.4598521809024585,
    "fer": 0.0009569377990430622,
    "fense": 0.45950180047378836,
    "meteor": 0.17753379777737902
  }
}