{
  "model": "conette",
  "compression_technique": "pruning",
  "dataset": "audiocaps",
  "seed": 42,
  "model_size_mb": 182.445735,
  "unquantized_parameters": 44166133,
  "flops": 45287278259,
  "device": "cuda:0",
  "inference_time_in_s": "110.266",
  "pruning_setup": {
    "decoder_pruning_ratio": 0.8,
    "convnext_3072_threshold": null,
    "convnext_1536_threshold": null,
    "global_pruning_ratio": null,
    "score_mode": "wanda",
    "num_calibration_batches": 128
  },
  "evaluation_results": {
    "cider_d": 0.7080912213972916,
    "spice": 0.14602545513210707,
    "spider": 0.42705833826469936,
    "sbert_sim": 0.5902915009856224,
    "fer": 0.021538461538461538,
    "fense": 0.5781925954497777,
    "meteor": 0.22016143323885776
  }
}