{
  "epoch": 9,
  "val_loss": 4.983189149667289,
  "fense": 0.47569832185203087
}