{
  "model": "conette",
  "compression_technique": "pruning",
  "dataset": "clotho",
  "seed": 43,
  "model_size_mb": 184.965543,
  "unquantized_parameters": 44796097,
  "flops": 92230385664,
  "device": "cuda:0",
  "eval_batch_size": 8,
  "total_inference_time_in_s": "182.873",
  "latency_ms_per_sample_mean": 154.3201141357422,
  "latency_ms_per_sample_std": 24.675806045532227,
  "pruning_setup": {
    "decoder_pruning_ratio": 0.7,
    "convnext_3072_threshold": null,
    "convnext_1536_threshold": null,
    "global_pruning_ratio": null,
    "score_mode": "wanda",
    "num_calibration_batches": 128,
    "calibration_dataset": "clotho",
    "calibration_shuffle": true
  },
  "evaluation_results": {
    "cider_d": 0.47020840641729295,
    "spice": 0.13528008375339545,
    "spider": 0.3027442450853442,
    "sbert_sim": 0.5164708430000968,
    "fer": 0.0066985645933014355,
    "fense": 0.5131389955440135,
    "meteor": 0.18871791843756125
  }
}