{
  "epoch": 8,
  "val_loss": 0.02595698975652229,
  "fense": 0.5047796822931065
}