{
  "model": "conette",
  "compression_technique": "pruning",
  "dataset": "audiocaps",
  "seed": 42,
  "model_size_mb": 130.070503,
  "unquantized_parameters": 31072265,
  "flops": 31671404108,
  "device": "cuda:0",
  "inference_time_in_s": "103.036",
  "pruning_setup": {
    "decoder_pruning_ratio": null,
    "convnext_3072_threshold": null,
    "convnext_1536_threshold": null,
    "global_pruning_ratio": 0.7,
    "score_mode": "wanda",
    "num_calibration_batches": 128
  },
  "evaluation_results": {
    "cider_d": 0.5275133822556864,
    "spice": 0.14875247897391622,
    "spider": 0.3381329306148013,
    "sbert_sim": 0.5417320078926591,
    "fer": 0.0010256410256410256,
    "fense": 0.5413569625564493,
    "meteor": 0.20508284645421904
  }
}