{
  "model": "conette",
  "compression_technique": "pruning",
  "dataset": "audiocaps",
  "seed": 42,
  "model_size_mb": 130.068135,
  "unquantized_parameters": 31071666,
  "flops": 32891100236,
  "device": "cuda:0",
  "inference_time_in_s": "107.426",
  "pruning_setup": {
    "decoder_pruning_ratio": null,
    "convnext_3072_threshold": null,
    "convnext_1536_threshold": null,
    "global_pruning_ratio": 0.7,
    "score_mode": "wanda",
    "num_calibration_batches": 128
  },
  "evaluation_results": {
    "cider_d": 0.5237825465829916,
    "spice": 0.1469539845986764,
    "spider": 0.335368265590834,
    "sbert_sim": 0.5373133984179451,
    "fer": 0.0010256410256410256,
    "fense": 0.5369383530817352,
    "meteor": 0.20124239458492021
  }
}