{
  "model": "conette",
  "compression_technique": "kd",
  "dataset": "audiocaps",
  "seed": 42,
  "model_size_mb": 117.737383,
  "unquantized_parameters": 27988935,
  "flops": 33045464345,
  "device": "cuda:0",
  "eval_batch_size": 8,
  "total_inference_time_in_s": "91.135",
  "latency_ms_per_sample_mean": 49.633949279785156,
  "latency_ms_per_sample_std": 9.374054908752441,
  "evaluation_results": {
    "cider_d": 0.46089115023452176,
    "spice": 0.0937810981523803,
    "spider": 0.27733612419345105,
    "sbert_sim": 0.46929491707147697,
    "fer": 0.020512820512820513,
    "fense": 0.4592689712979855,
    "meteor": 0.1773610835061099
  }
}