{
  "model": "conette",
  "compression_technique": "kd",
  "dataset": "clotho",
  "seed": 42,
  "model_size_mb": 151.349607,
  "unquantized_parameters": 36392069,
  "flops": 83191996211,
  "device": "cuda:0",
  "inference_time_in_s": "178.261",
  "evaluation_results": {
    "cider_d": 0.42274876711102405,
    "spice": 0.11895617438616166,
    "spider": 0.27085247074859287,
    "sbert_sim": 0.47500085351124194,
    "fer": 0.0009569377990430622,
    "fense": 0.47450073723712466,
    "meteor": 0.17606972109210678
  }
}