{
  "epoch": 11,
  "val_loss": 2.5014081055881414,
  "fense": 0.5050043814005464
}