{
  "model": "conette",
  "compression_technique": "pruning",
  "dataset": "clotho",
  "seed": 44,
  "model_size_mb": 190.009383,
  "unquantized_parameters": 46057051,
  "flops": 92511616204,
  "device": "cuda:0",
  "eval_batch_size": 8,
  "total_inference_time_in_s": "166.655",
  "latency_ms_per_sample_mean": 147.63275146484375,
  "latency_ms_per_sample_std": 26.642837524414062,
  "pruning_setup": {
    "decoder_pruning_ratio": 0.5,
    "convnext_3072_threshold": null,
    "convnext_1536_threshold": null,
    "global_pruning_ratio": null,
    "score_mode": "wanda",
    "num_calibration_batches": 128,
    "calibration_dataset": "clotho",
    "calibration_shuffle": true
  },
  "evaluation_results": {
    "cider_d": 0.482174108309287,
    "spice": 0.1357016712350508,
    "spider": 0.3089378897721689,
    "sbert_sim": 0.5122596485767531,
    "fer": 0.003827751196172249,
    "fense": 0.510305373455224,
    "meteor": 0.18809985104024685
  }
}