{
  "model": "conette",
  "compression_technique": "pruning",
  "dataset": "audiocaps",
  "seed": 42,
  "model_size_mb": 145.617383,
  "unquantized_parameters": 34958958,
  "flops": 33442742963,
  "device": "cuda:0",
  "inference_time_in_s": "106.188",
  "pruning_setup": {
    "decoder_pruning_ratio": null,
    "convnext_3072_threshold": null,
    "convnext_1536_threshold": null,
    "global_pruning_ratio": 0.55,
    "score_mode": "random",
    "num_calibration_batches": 128
  },
  "evaluation_results": {
    "cider_d": 0.5830865498442317,
    "spice": 0.15306914997139573,
    "spider": 0.3680778499078137,
    "sbert_sim": 0.5668361030327969,
    "fer": 0.0020512820512820513,
    "fense": 0.5656913287975849,
    "meteor": 0.2116265249408345
  }
}