{
  "epoch": 5,
  "val_loss": 4.96273748747265,
  "fense": 0.49335873441601336
}