{
  "epoch": 6,
  "val_loss": 4.975521953961321,
  "fense": 0.5013268801234841
}