{
  "epoch": -1,
  "val_loss": 0.6383857995499181,
  "fense": 0.37170072113248404
}