{
  "model": "conette",
  "compression_technique": "pruning",
  "dataset": "clotho",
  "seed": 42,
  "model_size_mb": 179.923751,
  "unquantized_parameters": 43535656,
  "flops": 91883550310,
  "device": "cuda:0",
  "eval_batch_size": 8,
  "total_inference_time_in_s": "160.414",
  "latency_ms_per_sample_mean": 106.08718872070312,
  "latency_ms_per_sample_std": 14.046636581420898,
  "pruning_setup": {
    "decoder_pruning_ratio": 0.9,
    "convnext_3072_threshold": null,
    "convnext_1536_threshold": null,
    "global_pruning_ratio": null,
    "score_mode": "wanda",
    "num_calibration_batches": 128,
    "calibration_dataset": "clotho",
    "calibration_shuffle": true
  },
  "evaluation_results": {
    "cider_d": 0.42267362485853255,
    "spice": 0.1235827504104018,
    "spider": 0.27312818763446717,
    "sbert_sim": 0.5168946142553499,
    "fer": 0.08038277511961722,
    "fense": 0.48409718610542385,
    "meteor": 0.1748613171433429
  }
}