{
  "epoch": 9,
  "val_loss": 0.0383267478292225,
  "fense": 0.5102821521357628
}