{
  "epoch": -1,
  "val_loss": 0.07721009449535654,
  "fense": 0.4749698070757554
}