{
  "epoch": 9,
  "val_loss": 4.968598041825622,
  "fense": 0.4989357805537265
}