{
  "model": "conette",
  "compression_technique": "kd",
  "dataset": "audiocaps",
  "seed": 42,
  "model_size_mb": 151.349607,
  "unquantized_parameters": 36392069,
  "flops": 39969279360,
  "device": "cuda:0",
  "inference_time_in_s": "110.642",
  "evaluation_results": {
    "cider_d": 0.5641357843766874,
    "spice": 0.11996444326844488,
    "spider": 0.34205011382256617,
    "sbert_sim": 0.5404707639721724,
    "fer": 0.0071794871794871795,
    "fense": 0.536143346103338,
    "meteor": 0.20028461368211214
  }
}