{
  "model": "conette",
  "compression_technique": "pruning",
  "dataset": "clotho",
  "seed": 42,
  "model_size_mb": 179.923815,
  "unquantized_parameters": 43535656,
  "flops": 91591523942,
  "device": "cuda:0",
  "inference_time_in_s": "159.382",
  "pruning_setup": {
    "decoder_pruning_ratio": 0.9,
    "convnext_3072_threshold": null,
    "convnext_1536_threshold": null,
    "global_pruning_ratio": null,
    "score_mode": "sum_l2",
    "num_calibration_batches": 128
  },
  "evaluation_results": {
    "cider_d": 0.41392512759870403,
    "spice": 0.12474062957567245,
    "spider": 0.26933287858718824,
    "sbert_sim": 0.49543487013241894,
    "fer": 0.05454545454545454,
    "fense": 0.4744031623861436,
    "meteor": 0.17385564822378666
  }
}