{
  "model": "conette",
  "compression_technique": "pruning",
  "dataset": "clotho",
  "seed": 43,
  "model_size_mb": 179.923815,
  "unquantized_parameters": 43535656,
  "flops": 91585115545,
  "device": "cuda:0",
  "eval_batch_size": 8,
  "total_inference_time_in_s": "150.576",
  "latency_ms_per_sample_mean": 136.1649169921875,
  "latency_ms_per_sample_std": 16.118995666503906,
  "pruning_setup": {
    "decoder_pruning_ratio": 0.9,
    "convnext_3072_threshold": null,
    "convnext_1536_threshold": null,
    "global_pruning_ratio": null,
    "score_mode": "wanda",
    "num_calibration_batches": 128,
    "calibration_dataset": "clotho",
    "calibration_shuffle": true
  },
  "evaluation_results": {
    "cider_d": 0.4357498183402079,
    "spice": 0.1254748163318851,
    "spider": 0.28061231733604647,
    "sbert_sim": 0.5161648254511816,
    "fer": 0.06985645933014355,
    "fense": 0.4877866052976992,
    "meteor": 0.17636576712046134
  }
}