{
  "model": "conette",
  "compression_technique": "pruning",
  "dataset": "clotho",
  "seed": 42,
  "model_size_mb": 179.923815,
  "unquantized_parameters": 43535656,
  "flops": 91591523942,
  "device": "cuda:0",
  "eval_batch_size": 8,
  "total_inference_time_in_s": "176.264",
  "latency_ms_per_sample_mean": 160.3470458984375,
  "latency_ms_per_sample_std": 34.82166290283203,
  "pruning_setup": {
    "decoder_pruning_ratio": 0.9,
    "convnext_3072_threshold": null,
    "convnext_1536_threshold": null,
    "global_pruning_ratio": null,
    "score_mode": "sum_l2",
    "num_calibration_batches": 128,
    "calibration_dataset": "clotho",
    "calibration_shuffle": false
  },
  "evaluation_results": {
    "cider_d": 0.4150306834641089,
    "spice": 0.12370157504676876,
    "spider": 0.2693661292554388,
    "sbert_sim": 0.4971145426408882,
    "fer": 0.05454545454545454,
    "fense": 0.47527022234721195,
    "meteor": 0.17395022853020126
  }
}