{
  "epoch": 9,
  "val_loss": 0.0008464782062885956,
  "fense": 0.5126940014516338
}