{
  "model": "conette",
  "compression_technique": "pruning",
  "dataset": "audiocaps",
  "seed": 42,
  "model_size_mb": 130.085031,
  "unquantized_parameters": 31075888,
  "flops": 32855237708,
  "device": "cuda:0",
  "inference_time_in_s": "103.593",
  "pruning_setup": {
    "decoder_pruning_ratio": null,
    "convnext_3072_threshold": null,
    "convnext_1536_threshold": null,
    "global_pruning_ratio": 0.7,
    "score_mode": "sum_l2",
    "num_calibration_batches": 128
  },
  "evaluation_results": {
    "cider_d": 0.43714056368376075,
    "spice": 0.12506449217701107,
    "spider": 0.2811025279303859,
    "sbert_sim": 0.49046898008730166,
    "fer": 0.0,
    "fense": 0.49046898008730166,
    "meteor": 0.17814477828840028
  }
}