{
  "model": "conette",
  "compression_technique": "pruning",
  "dataset": "audiocaps",
  "seed": 42,
  "model_size_mb": 130.085031,
  "unquantized_parameters": 31075888,
  "flops": 33239721856,
  "device": "cuda:0",
  "inference_time_in_s": "122.005",
  "pruning_setup": {
    "decoder_pruning_ratio": null,
    "convnext_3072_threshold": null,
    "convnext_1536_threshold": null,
    "global_pruning_ratio": 0.7,
    "score_mode": "sum_l2",
    "num_calibration_batches": 128
  },
  "evaluation_results": {
    "cider_d": 0.4421863080490881,
    "spice": 0.12982906192656224,
    "spider": 0.28600768498782514,
    "sbert_sim": 0.4957735787742795,
    "fer": 0.0,
    "fense": 0.4957735787742795,
    "meteor": 0.18128976540722938
  }
}