{
  "model": "conette",
  "compression_technique": "kd",
  "dataset": "clotho",
  "seed": 42,
  "model_size_mb": 150.792039,
  "unquantized_parameters": 36252675,
  "flops": 78836838912,
  "device": "cuda:0",
  "eval_batch_size": 8,
  "total_inference_time_in_s": "109.270",
  "latency_ms_per_sample_mean": 103.9144287109375,
  "latency_ms_per_sample_std": 17.703760147094727,
  "evaluation_results": {
    "cider_d": 0.4798546917679619,
    "spice": 0.13670927247520753,
    "spider": 0.30828198212158475,
    "sbert_sim": 0.5189462767824816,
    "fer": 0.0019138755980861245,
    "fense": 0.5178277673381582,
    "meteor": 0.18988206786165027
  }
}