{
  "epoch": 17,
  "val_loss": 0.0825793408710538,
  "fense": 0.5069406740488618
}