{
  "model": "conette",
  "compression_technique": "pruning",
  "dataset": "clotho",
  "seed": 43,
  "model_size_mb": 130.068967,
  "unquantized_parameters": 31071889,
  "flops": 66141049036,
  "device": "cuda:0",
  "eval_batch_size": 8,
  "total_inference_time_in_s": "150.328",
  "latency_ms_per_sample_mean": 104.3979721069336,
  "latency_ms_per_sample_std": 13.706524848937988,
  "pruning_setup": {
    "decoder_pruning_ratio": null,
    "convnext_3072_threshold": null,
    "convnext_1536_threshold": null,
    "global_pruning_ratio": 0.7,
    "score_mode": "wanda",
    "num_calibration_batches": 128,
    "calibration_dataset": "clotho",
    "calibration_shuffle": true
  },
  "evaluation_results": {
    "cider_d": 0.3847314530035863,
    "spice": 0.12258512778529942,
    "spider": 0.2536582903944429,
    "sbert_sim": 0.46446034880488685,
    "fer": 0.0009569377990430622,
    "fense": 0.4641099683762167,
    "meteor": 0.17824727825389194
  }
}