{
  "model": "conette",
  "compression_technique": "quantization",
  "dataset": "clotho",
  "seed": 42,
  "model_size_mb": 89.144871,
  "unquantized_parameters": 11304352,
  "flops": null,
  "device": "cpu",
  "inference_time_in_s": "638.990",
  "evaluation_results": {
    "cider_d": 0.4881709209004937,
    "spice": 0.13826703040989058,
    "spider": 0.31321897565519213,
    "sbert_sim": 0.5178055658045283,
    "fer": 0.0009569377990430622,
    "fense": 0.5171937881167711,
    "meteor": 0.19235090104114358
  }
}