{
  "model": "conette",
  "compression_technique": "quantization",
  "dataset": "clotho",
  "seed": 42,
  "model_size_mb": 89.953385,
  "unquantized_parameters": 49208923,
  "flops": null,
  "device": "cuda:0",
  "inference_time_in_s": "186.443",
  "evaluation_results": {
    "cider_d": 0.4821469736295669,
    "spice": 0.1380590475979693,
    "spider": 0.3101030106137681,
    "sbert_sim": 0.5188126065692548,
    "fer": 0.0009569377990430622,
    "fense": 0.5182008287788293,
    "meteor": 0.19234025284629433
  }
}