{
  "model": "conette",
  "compression_technique": "pruning",
  "dataset": "clotho",
  "seed": 42,
  "model_size_mb": 150.792679,
  "unquantized_parameters": 36252825,
  "flops": 79187116032,
  "device": "cuda:0",
  "inference_time_in_s": "161.686",
  "pruning_setup": {
    "decoder_pruning_ratio": null,
    "convnext_3072_threshold": null,
    "convnext_1536_threshold": null,
    "global_pruning_ratio": 0.5,
    "score_mode": "wanda",
    "num_calibration_batches": 128
  },
  "evaluation_results": {
    "cider_d": 0.4594814131584687,
    "spice": 0.13593556738939178,
    "spider": 0.2977084902739302,
    "sbert_sim": 0.4980075616656878,
    "fer": 0.0009569377990430622,
    "fense": 0.4974577674925613,
    "meteor": 0.1883901967324344
  }
}