{
  "model": "conette",
  "compression_technique": "pruning",
  "dataset": "clotho",
  "seed": 42,
  "model_size_mb": 184.961511,
  "unquantized_parameters": 44795071,
  "flops": 92089050931,
  "device": "cuda:0",
  "inference_time_in_s": "159.463",
  "pruning_setup": {
    "decoder_threshold": 0.3,
    "convnext_3072_threshold": null,
    "convnext_1536_threshold": null,
    "global_pruning_ratio": null,
    "score_mode": "random",
    "num_calibration_batches": 128
  },
  "evaluation_results": {
    "cider_d": 0.4429917965579025,
    "spice": 0.12504873186298193,
    "spider": 0.28402026421044224,
    "sbert_sim": 0.5141602740520567,
    "fer": 0.004784688995215311,
    "fense": 0.5120226013619436,
    "meteor": 0.18100872793332665
  }
}