{
  "model": "conette",
  "compression_technique": "pruning",
  "dataset": "clotho",
  "seed": 42,
  "model_size_mb": 184.965543,
  "unquantized_parameters": 44796097,
  "flops": 92225065779,
  "device": "cuda:0",
  "inference_time_in_s": "165.037",
  "pruning_setup": {
    "decoder_pruning_ratio": 0.7,
    "convnext_3072_threshold": null,
    "convnext_1536_threshold": null,
    "global_pruning_ratio": null,
    "score_mode": "random",
    "num_calibration_batches": 128
  },
  "evaluation_results": {
    "cider_d": 0.4434882468997096,
    "spice": 0.12523566627955676,
    "spider": 0.2843619565896332,
    "sbert_sim": 0.5095306551333464,
    "fer": 0.003827751196172249,
    "fense": 0.5081127164514655,
    "meteor": 0.18380586441810756
  }
}