{
  "model": "conette",
  "compression_technique": "pruning",
  "dataset": "audiocaps",
  "seed": 42,
  "model_size_mb": 138.184871,
  "unquantized_parameters": 33100853,
  "flops": 38440953318,
  "device": "cuda:0",
  "inference_time_in_s": "106.396",
  "pruning_setup": {
    "decoder_pruning_ratio": 0.5,
    "convnext_3072_threshold": null,
    "convnext_1536_threshold": null,
    "global_pruning_ratio": 0.5,
    "score_mode": "wanda",
    "num_calibration_batches": 128
  },
  "evaluation_results": {
    "cider_d": 0.6243786857858649,
    "spice": 0.1545691220795693,
    "spider": 0.3894739039327171,
    "sbert_sim": 0.5869619178428099,
    "fer": 0.0,
    "fense": 0.5869619178428099,
    "meteor": 0.21845554597735894
  }
}