{
  "model": "conette",
  "compression_technique": "pruning",
  "dataset": "audiocaps",
  "seed": 42,
  "model_size_mb": 133.141095,
  "unquantized_parameters": 31839899,
  "flops": 37754501196,
  "device": "cuda:0",
  "inference_time_in_s": "111.498",
  "pruning_setup": {
    "decoder_pruning_ratio": 0.7,
    "convnext_3072_threshold": null,
    "convnext_1536_threshold": null,
    "global_pruning_ratio": 0.5,
    "score_mode": "wanda",
    "num_calibration_batches": 128
  },
  "evaluation_results": {
    "cider_d": 0.6401687526272983,
    "spice": 0.14773101418168613,
    "spider": 0.3939498834044922,
    "sbert_sim": 0.5676506325564323,
    "fer": 0.008205128205128205,
    "fense": 0.5622206885180412,
    "meteor": 0.2110460911993437
  }
}