{
  "model": "conette",
  "compression_technique": "pruning",
  "dataset": "clotho",
  "seed": 42,
  "model_size_mb": 130.071271,
  "unquantized_parameters": 31072451,
  "flops": 62615570227,
  "device": "cuda:0",
  "eval_batch_size": 8,
  "total_inference_time_in_s": "157.019",
  "latency_ms_per_sample_mean": 122.21184539794922,
  "latency_ms_per_sample_std": 18.696765899658203,
  "pruning_setup": {
    "decoder_pruning_ratio": null,
    "convnext_3072_threshold": null,
    "convnext_1536_threshold": null,
    "global_pruning_ratio": 0.7,
    "score_mode": "random",
    "num_calibration_batches": 128,
    "calibration_dataset": "clotho",
    "calibration_shuffle": false
  },
  "evaluation_results": {
    "cider_d": 0.32134051857172763,
    "spice": 0.10315919186178893,
    "spider": 0.21224985521675827,
    "sbert_sim": 0.42636827837383934,
    "fer": 0.0009569377990430622,
    "fense": 0.42626227973227315,
    "meteor": 0.1612864196094395
  }
}