{
  "epoch": 6,
  "val_loss": 0.0012361447234417646,
  "fense": 0.5144247850811368
}