{
  "epoch": 6,
  "val_loss": 4.972912034915604,
  "fense": 0.48425516763300985
}