{
  "model": "conette",
  "compression_technique": "kd",
  "dataset": "audiocaps",
  "seed": 44,
  "model_size_mb": 117.737255,
  "unquantized_parameters": 27988895,
  "flops": 32988507315,
  "device": "cuda:0",
  "eval_batch_size": 8,
  "total_inference_time_in_s": "101.856",
  "latency_ms_per_sample_mean": 55.830196380615234,
  "latency_ms_per_sample_std": 12.811944007873535,
  "evaluation_results": {
    "cider_d": 0.4742981673486253,
    "spice": 0.09726791239040947,
    "spider": 0.28578303986951736,
    "sbert_sim": 0.48618215824549016,
    "fer": 0.009230769230769232,
    "fense": 0.4812779307227868,
    "meteor": 0.17961444256023962
  }
}