{
  "model": "conette",
  "compression_technique": "pruning",
  "dataset": "clotho",
  "seed": 42,
  "model_size_mb": 133.142887,
  "unquantized_parameters": 31840356,
  "flops": 74595527987,
  "device": "cuda:0",
  "inference_time_in_s": "152.836",
  "pruning_setup": {
    "decoder_pruning_ratio": 0.7,
    "convnext_3072_threshold": null,
    "convnext_1536_threshold": null,
    "global_pruning_ratio": 0.5,
    "score_mode": "wanda",
    "num_calibration_batches": 128
  },
  "evaluation_results": {
    "cider_d": 0.43031334760120993,
    "spice": 0.1295381290339516,
    "spider": 0.2799257383175808,
    "sbert_sim": 0.4824670205115559,
    "fer": 0.004784688995215311,
    "fense": 0.4806987604866045,
    "meteor": 0.17949319423360044
  }
}