{
  "model": "conette",
  "compression_technique": "pruning",
  "dataset": "clotho",
  "seed": 42,
  "model_size_mb": 133.141543,
  "unquantized_parameters": 31839999,
  "flops": 76574986444,
  "device": "cuda:0",
  "inference_time_in_s": "163.641",
  "pruning_setup": {
    "decoder_pruning_ratio": 0.7,
    "convnext_3072_threshold": null,
    "convnext_1536_threshold": null,
    "global_pruning_ratio": 0.5,
    "score_mode": "wanda",
    "num_calibration_batches": 128
  },
  "evaluation_results": {
    "cider_d": 0.4455926245282407,
    "spice": 0.13087287965543626,
    "spider": 0.2882327520918385,
    "sbert_sim": 0.49325105995363133,
    "fer": 0.0028708133971291866,
    "fense": 0.49140089789356445,
    "meteor": 0.18411883345422284
  }
}