{
  "epoch": 14,
  "val_loss": 5.177308082580566,
  "fense": 0.4935161948388968
}