{
  "epoch": 8,
  "val_loss": 0.5096618715133375,
  "fense": 0.5088552830567913
}