{
  "model": "conette",
  "compression_technique": "pruning",
  "dataset": "audiocaps",
  "seed": 42,
  "model_size_mb": 107.375335,
  "unquantized_parameters": 25398398,
  "flops": 30881912601,
  "device": "cuda:0",
  "eval_batch_size": 8,
  "total_inference_time_in_s": "105.018",
  "latency_ms_per_sample_mean": 100.58162689208984,
  "latency_ms_per_sample_std": 10.507308006286621,
  "pruning_setup": {
    "decoder_pruning_ratio": 0.9,
    "convnext_3072_threshold": null,
    "convnext_1536_threshold": null,
    "global_pruning_ratio": 0.7,
    "score_mode": "wanda",
    "num_calibration_batches": 128
  },
  "evaluation_results": {
    "cider_d": 0.46730617196127455,
    "spice": 0.10300015973429621,
    "spider": 0.2851531658477854,
    "sbert_sim": 0.47185058023589543,
    "fer": 0.038974358974358976,
    "fense": 0.4550733145542252,
    "meteor": 0.17481823473874886
  }
}