{
  "epoch": 18,
  "val_loss": 0.02060520692323228,
  "fense": 0.5087436530247117
}