{
  "model": "conette",
  "compression_technique": "pruning",
  "dataset": "clotho",
  "seed": 42,
  "model_size_mb": 184.961511,
  "unquantized_parameters": 44795071,
  "flops": 91869034905,
  "device": "cuda:0",
  "inference_time_in_s": "162.596",
  "pruning_setup": {
    "decoder_threshold": 0.3,
    "convnext_3072_threshold": null,
    "convnext_1536_threshold": null,
    "global_pruning_ratio": null,
    "score_mode": "wanda",
    "num_calibration_batches": 128
  },
  "evaluation_results": {
    "cider_d": 0.4432602652074719,
    "spice": 0.1299935346057599,
    "spider": 0.28662689990661594,
    "sbert_sim": 0.4936821026522577,
    "fer": 0.0009569377990430622,
    "fense": 0.4935990376485307,
    "meteor": 0.18302128493499786
  }
}