{
  "model": "conette",
  "compression_technique": "pruning",
  "dataset": "clotho",
  "seed": 42,
  "model_size_mb": 184.965543,
  "unquantized_parameters": 44796097,
  "flops": 91764948787,
  "device": "cuda:0",
  "inference_time_in_s": "168.843",
  "pruning_setup": {
    "decoder_pruning_ratio": 0.7,
    "convnext_3072_threshold": null,
    "convnext_1536_threshold": null,
    "global_pruning_ratio": null,
    "score_mode": "wanda",
    "num_calibration_batches": 128
  },
  "evaluation_results": {
    "cider_d": 0.465112036627735,
    "spice": 0.13295655254560232,
    "spider": 0.29903429458666864,
    "sbert_sim": 0.5094826357127235,
    "fer": 0.0066985645933014355,
    "fense": 0.5062762434370638,
    "meteor": 0.18636719009959973
  }
}