{
  "epoch": 15,
  "val_loss": 2.5200018646152875,
  "fense": 0.5071193720963583
}