{
  "epoch": 7,
  "val_loss": 0.12046009529637926,
  "fense": 0.5052947274263966
}