{
  "model": "conette",
  "compression_technique": "kd",
  "dataset": "clotho",
  "seed": 42,
  "model_size_mb": 140.430311,
  "unquantized_parameters": 33662202,
  "flops": 72387756748,
  "device": "cuda:0",
  "eval_batch_size": 8,
  "total_inference_time_in_s": "117.585",
  "latency_ms_per_sample_mean": 104.61714172363281,
  "latency_ms_per_sample_std": 17.40169906616211,
  "evaluation_results": {
    "cider_d": 0.47166239727005677,
    "spice": 0.1387528726492882,
    "spider": 0.3052076349596725,
    "sbert_sim": 0.516798058975684,
    "fer": 0.0009569377990430622,
    "fense": 0.5161862812365927,
    "meteor": 0.1897510274828766
  }
}