{
  "epoch": 10,
  "val_loss": 0.07758474472256108,
  "fense": 0.5093461053615267
}