{
  "epoch": 16,
  "val_loss": 0.06239019792157275,
  "fense": 0.5087720676689769
}