{
  "epoch": 2,
  "val_loss": 0.0775331482575595,
  "fense": 0.5102760999453695
}