{
  "model": "conette",
  "compression_technique": "pruning",
  "dataset": "clotho",
  "seed": 42,
  "model_size_mb": 130.071271,
  "unquantized_parameters": 31072451,
  "flops": 62615570227,
  "device": "cuda:0",
  "inference_time_in_s": "159.013",
  "pruning_setup": {
    "decoder_pruning_ratio": null,
    "convnext_3072_threshold": null,
    "convnext_1536_threshold": null,
    "global_pruning_ratio": 0.7,
    "score_mode": "random",
    "num_calibration_batches": 128
  },
  "evaluation_results": {
    "cider_d": 0.32283689100699475,
    "spice": 0.10402179974345427,
    "spider": 0.2134293453752245,
    "sbert_sim": 0.42727952081839327,
    "fer": 0.0009569377990430622,
    "fense": 0.42717352219607735,
    "meteor": 0.16145238249155802
  }
}