{
  "model": "conette",
  "compression_technique": "pruning",
  "dataset": "clotho",
  "seed": 42,
  "model_size_mb": 130.071271,
  "unquantized_parameters": 31072452,
  "flops": 62619602227,
  "device": "cuda:0",
  "inference_time_in_s": "150.244",
  "pruning_setup": {
    "decoder_pruning_ratio": null,
    "convnext_3072_threshold": null,
    "convnext_1536_threshold": null,
    "global_pruning_ratio": 0.7,
    "score_mode": "random",
    "num_calibration_batches": 128
  },
  "evaluation_results": {
    "cider_d": 0.32134138581667143,
    "spice": 0.10394751385325299,
    "spider": 0.21264444983496222,
    "sbert_sim": 0.4277640056979072,
    "fer": 0.0009569377990430622,
    "fense": 0.42765800709484153,
    "meteor": 0.16150148343821816
  }
}