{
  "model": "conette",
  "compression_technique": "pruning",
  "dataset": "audiocaps",
  "seed": 42,
  "model_size_mb": 179.923815,
  "unquantized_parameters": 43535656,
  "flops": 45292469529,
  "device": "cuda:0",
  "eval_batch_size": 8,
  "total_inference_time_in_s": "87.068",
  "latency_ms_per_sample_mean": 72.09137725830078,
  "latency_ms_per_sample_std": 14.122029304504395,
  "pruning_setup": {
    "decoder_pruning_ratio": 0.9,
    "convnext_3072_threshold": null,
    "convnext_1536_threshold": null,
    "global_pruning_ratio": null,
    "score_mode": "wanda",
    "num_calibration_batches": 128
  },
  "evaluation_results": {
    "cider_d": 0.7017233988729127,
    "spice": 0.14504318458183668,
    "spider": 0.42338329172737466,
    "sbert_sim": 0.5929885543844639,
    "fer": 0.05333333333333334,
    "fense": 0.5657655871082575,
    "meteor": 0.21749407723611228
  }
}