{
  "model": "conette",
  "compression_technique": "pruning",
  "dataset": "clotho",
  "seed": 42,
  "model_size_mb": 179.923815,
  "unquantized_parameters": 43535656,
  "flops": 91797170995,
  "device": "cuda:0",
  "inference_time_in_s": "161.574",
  "pruning_setup": {
    "decoder_pruning_ratio": 0.9,
    "convnext_3072_threshold": null,
    "convnext_1536_threshold": null,
    "global_pruning_ratio": null,
    "score_mode": "random",
    "num_calibration_batches": 128
  },
  "evaluation_results": {
    "cider_d": 0.40140257584887107,
    "spice": 0.1191031957300064,
    "spider": 0.2602528857894387,
    "sbert_sim": 0.5085926806456165,
    "fer": 0.0430622009569378,
    "fense": 0.491993174209264,
    "meteor": 0.17189672448182294
  }
}