{
  "epoch": 15,
  "val_loss": 5.00601982160379,
  "fense": 0.5032458183176495
}