{
  "epoch": -1,
  "val_loss": 0.5098898626920831,
  "fense": 0.45385904596155985
}