{
  "model": "conette",
  "compression_technique": "pruning",
  "dataset": "clotho",
  "seed": 44,
  "model_size_mb": 190.009383,
  "unquantized_parameters": 46057051,
  "flops": 93354937958,
  "device": "cuda:0",
  "eval_batch_size": 8,
  "total_inference_time_in_s": "152.437",
  "latency_ms_per_sample_mean": 108.60688781738281,
  "latency_ms_per_sample_std": 17.41087532043457,
  "pruning_setup": {
    "decoder_pruning_ratio": 0.5,
    "convnext_3072_threshold": null,
    "convnext_1536_threshold": null,
    "global_pruning_ratio": null,
    "score_mode": "random",
    "num_calibration_batches": 128,
    "calibration_dataset": "clotho",
    "calibration_shuffle": false
  },
  "evaluation_results": {
    "cider_d": 0.47053409498391285,
    "spice": 0.13024637099187705,
    "spider": 0.30039023298789497,
    "sbert_sim": 0.5109492788171511,
    "fer": 0.0019138755980861245,
    "fense": 0.5098441530054694,
    "meteor": 0.18931793903416555
  }
}