{
  "model": "conette",
  "compression_technique": "pruning",
  "dataset": "audiocaps",
  "seed": 42,
  "model_size_mb": 117.736999,
  "unquantized_parameters": 27988828,
  "flops": 34583412198,
  "device": "cuda:0",
  "eval_batch_size": 8,
  "total_inference_time_in_s": "80.496",
  "latency_ms_per_sample_mean": 66.9783935546875,
  "latency_ms_per_sample_std": 8.55727481842041,
  "pruning_setup": {
    "decoder_pruning_ratio": 0.9,
    "convnext_3072_threshold": null,
    "convnext_1536_threshold": null,
    "global_pruning_ratio": 0.6,
    "score_mode": "wanda",
    "num_calibration_batches": 128
  },
  "evaluation_results": {
    "cider_d": 0.550407349540339,
    "spice": 0.11988553310946279,
    "spider": 0.3351464413249009,
    "sbert_sim": 0.5218473193823145,
    "fer": 0.046153846153846156,
    "fense": 0.49934524794667956,
    "meteor": 0.19014594179834213
  }
}