{
  "epoch": -1,
  "val_loss": 0.12808921796674946,
  "fense": 0.45437583650181596
}