{
  "model": "conette",
  "compression_technique": "kd",
  "dataset": "clotho",
  "seed": 42,
  "model_size_mb": 150.792039,
  "unquantized_parameters": 36252675,
  "flops": 77502706176,
  "device": "cuda:0",
  "inference_time_in_s": "183.123",
  "evaluation_results": {
    "cider_d": 0.4554736310584721,
    "spice": 0.13602651924653839,
    "spider": 0.29575007515250523,
    "sbert_sim": 0.5108390461635647,
    "fer": 0.0028708133971291866,
    "fense": 0.509479116860902,
    "meteor": 0.18717375753530363
  }
}