{
  "model": "conette",
  "compression_technique": "kd",
  "dataset": "clotho",
  "seed": 42,
  "model_size_mb": 150.792039,
  "unquantized_parameters": 36252675,
  "flops": 78211887206,
  "device": "cuda:0",
  "inference_time_in_s": "162.140",
  "evaluation_results": {
    "cider_d": 0.32925293317213156,
    "spice": 0.10375431932909575,
    "spider": 0.21650362625061365,
    "sbert_sim": 0.42408160549370155,
    "fer": 0.0,
    "fense": 0.42408160549370155,
    "meteor": 0.15969263620372415
  }
}