{
  "model": "conette",
  "compression_technique": "pruning",
  "dataset": "clotho",
  "seed": 42,
  "model_size_mb": 190.009383,
  "unquantized_parameters": 46057051,
  "flops": 92097465139,
  "device": "cuda:0",
  "inference_time_in_s": "168.437",
  "pruning_setup": {
    "decoder_pruning_ratio": 0.5,
    "convnext_3072_threshold": null,
    "convnext_1536_threshold": null,
    "global_pruning_ratio": null,
    "score_mode": "random",
    "num_calibration_batches": 0
  },
  "evaluation_results": {
    "cider_d": 0.47452732970079703,
    "spice": 0.13201317650831873,
    "spider": 0.3032702531045579,
    "sbert_sim": 0.5126230269073371,
    "fer": 0.0,
    "fense": 0.5126230269073371,
    "meteor": 0.18629350215729473
  }
}