{
  "model": "conette",
  "compression_technique": "pruning",
  "dataset": "clotho",
  "seed": 42,
  "model_size_mb": 130.621735,
  "unquantized_parameters": 31210035,
  "flops": 76352340377,
  "device": "cuda:0",
  "inference_time_in_s": "165.793",
  "pruning_setup": {
    "decoder_pruning_ratio": 0.8,
    "convnext_3072_threshold": null,
    "convnext_1536_threshold": null,
    "global_pruning_ratio": 0.5,
    "score_mode": "wanda",
    "num_calibration_batches": 128
  },
  "evaluation_results": {
    "cider_d": 0.42817967367649074,
    "spice": 0.13052700281676968,
    "spider": 0.2793533382466302,
    "sbert_sim": 0.4861625743791479,
    "fer": 0.023923444976076555,
    "fense": 0.4763381447670224,
    "meteor": 0.1783749292658988
  }
}