{
  "epoch": 11,
  "val_loss": 0.10206348585490962,
  "fense": 0.5006607140796749
}