{
  "epoch": 5,
  "val_loss": 0.0642652485718709,
  "fense": 0.5100960830178415
}