{
  "model": "conette",
  "compression_technique": "pruning",
  "dataset": "audiocaps",
  "seed": 42,
  "model_size_mb": 179.923815,
  "unquantized_parameters": 43535656,
  "flops": 43794628684,
  "device": "cuda:0",
  "inference_time_in_s": "91.995",
  "pruning_setup": {
    "decoder_pruning_ratio": 0.9,
    "convnext_3072_threshold": null,
    "convnext_1536_threshold": null,
    "global_pruning_ratio": null,
    "score_mode": "sum_l2",
    "num_calibration_batches": 128
  },
  "evaluation_results": {
    "cider_d": 0.5274182668262685,
    "spice": 0.11689522310921517,
    "spider": 0.3221567449677418,
    "sbert_sim": 0.5245152661376274,
    "fer": 0.09846153846153846,
    "fense": 0.481450739682867,
    "meteor": 0.17791448866466247
  }
}