{
  "epoch": 12,
  "val_loss": 2.5172768767553433,
  "fense": 0.5071563287824392
}