{
  "model": "conette",
  "compression_technique": "pruning",
  "dataset": "audiocaps",
  "seed": 42,
  "model_size_mb": 150.788775,
  "unquantized_parameters": 36251887,
  "flops": 41437408537,
  "device": "cuda:0",
  "inference_time_in_s": "109.697",
  "pruning_setup": {
    "decoder_pruning_ratio": null,
    "convnext_3072_threshold": null,
    "convnext_1536_threshold": null,
    "global_pruning_ratio": 0.5,
    "score_mode": "sum_l2",
    "num_calibration_batches": 128
  },
  "evaluation_results": {
    "cider_d": 0.6569879764463395,
    "spice": 0.169116112712444,
    "spider": 0.41305204457939176,
    "sbert_sim": 0.5936073817236301,
    "fer": 0.0041025641025641026,
    "fense": 0.5914552778960802,
    "meteor": 0.22488884270451046
  }
}