{
  "epoch": 9,
  "val_loss": 5.083695590041066,
  "fense": 0.49852674966259153
}