{
  "model": "conette",
  "compression_technique": "kd",
  "dataset": "clotho",
  "seed": 42,
  "model_size_mb": 190.009383,
  "unquantized_parameters": 46057051,
  "flops": 92311864320,
  "device": "cuda:0",
  "inference_time_in_s": "178.833",
  "evaluation_results": {
    "cider_d": 0.4624636547056269,
    "spice": 0.1330899839867764,
    "spider": 0.29777681934620165,
    "sbert_sim": 0.5152522132977059,
    "fer": 0.003827751196172249,
    "fense": 0.5132425188098513,
    "meteor": 0.187019304444779
  }
}