{
  "epoch": 18,
  "val_loss": 0.021920881571802702,
  "fense": 0.5055324334704705
}