{
  "epoch": -1,
  "val_loss": 0.5849015624013566,
  "fense": 0.4058595581091138
}