{
  "epoch": -1,
  "val_loss": 0.5791175306298351,
  "fense": 0.4080766060755423
}