{
  "epoch": 11,
  "val_loss": 0.07309718282168148,
  "fense": 0.5094912023756778
}