{
  "epoch": 10,
  "val_loss": 0.012849188011623066,
  "fense": 0.5058434809926167
}