{
  "model": "conette",
  "compression_technique": "pruning",
  "dataset": "clotho",
  "seed": 42,
  "model_size_mb": 117.736999,
  "unquantized_parameters": 27988828,
  "flops": 71373397606,
  "device": "cuda:0",
  "eval_batch_size": 8,
  "total_inference_time_in_s": "127.956",
  "latency_ms_per_sample_mean": 150.0708465576172,
  "latency_ms_per_sample_std": 36.053558349609375,
  "pruning_setup": {
    "decoder_pruning_ratio": 0.9,
    "convnext_3072_threshold": null,
    "convnext_1536_threshold": null,
    "global_pruning_ratio": 0.6,
    "score_mode": "wanda",
    "num_calibration_batches": 128
  },
  "evaluation_results": {
    "cider_d": 0.3524356710477541,
    "spice": 0.1167271538764208,
    "spider": 0.23458141246208744,
    "sbert_sim": 0.45506160794155737,
    "fer": 0.0784688995215311,
    "fense": 0.42813934658382213,
    "meteor": 0.16839021764234186
  }
}