{
  "model": "conette",
  "compression_technique": "pruning",
  "dataset": "audiocaps",
  "seed": 42,
  "model_size_mb": 145.605735,
  "unquantized_parameters": 34956142,
  "flops": 40749206809,
  "device": "cuda:0",
  "inference_time_in_s": "121.355",
  "pruning_setup": {
    "decoder_pruning_ratio": null,
    "convnext_3072_threshold": null,
    "convnext_1536_threshold": null,
    "global_pruning_ratio": 0.55,
    "score_mode": "sum_l2",
    "num_calibration_batches": 128
  },
  "evaluation_results": {
    "cider_d": 0.6460583030981997,
    "spice": 0.16898658090631044,
    "spider": 0.40752244200225507,
    "sbert_sim": 0.587658020154788,
    "fer": 0.0020512820512820513,
    "fense": 0.5866645261393143,
    "meteor": 0.2244884045872009
  }
}