{
  "model": "conette",
  "compression_technique": "pruning",
  "dataset": "audiocaps",
  "seed": 42,
  "model_size_mb": 145.605351,
  "unquantized_parameters": 34956039,
  "flops": 40830620339,
  "device": "cuda:0",
  "inference_time_in_s": "106.724",
  "pruning_setup": {
    "decoder_pruning_ratio": null,
    "convnext_3072_threshold": null,
    "convnext_1536_threshold": null,
    "global_pruning_ratio": 0.55,
    "score_mode": "sum_l2",
    "num_calibration_batches": 128
  },
  "evaluation_results": {
    "cider_d": 0.6464611696734686,
    "spice": 0.1697235224716777,
    "spider": 0.40809234607257316,
    "sbert_sim": 0.5879337529685252,
    "fer": 0.0020512820512820513,
    "fense": 0.5869402589255419,
    "meteor": 0.22447523771713213
  }
}