{
  "epoch": 15,
  "val_loss": 2.5006248859958795,
  "fense": 0.5082145999849699
}