{
  "epoch": 9,
  "val_loss": 0.037995456753455045,
  "fense": 0.5087758349451686
}