{
  "epoch": 5,
  "val_loss": 0.06426524882780686,
  "fense": 0.5100960830178415
}