{
  "model": "conette",
  "compression_technique": "kd",
  "dataset": "clotho",
  "seed": 42,
  "model_size_mb": 150.792039,
  "unquantized_parameters": 36252675,
  "flops": 78406295654,
  "device": "cuda:0",
  "inference_time_in_s": "183.698",
  "evaluation_results": {
    "cider_d": 0.3052807654959628,
    "spice": 0.09790538229720755,
    "spider": 0.20159307389658515,
    "sbert_sim": 0.42042971688844083,
    "fer": 0.0,
    "fense": 0.42042971688844083,
    "meteor": 0.15837343138222135
  }
}