{
  "epoch": 12,
  "val_loss": 2.498950210236411,
  "fense": 0.5071150129831187
}