{
  "epoch": 5,
  "val_loss": 0.5595643604529723,
  "fense": 0.5103794707600294
}