{
  "model": "conette",
  "compression_technique": "pruning",
  "dataset": "clotho",
  "seed": 42,
  "model_size_mb": 150.788775,
  "unquantized_parameters": 36251887,
  "flops": 82276250419,
  "device": "cuda:0",
  "inference_time_in_s": "162.127",
  "pruning_setup": {
    "decoder_pruning_ratio": null,
    "convnext_3072_threshold": null,
    "convnext_1536_threshold": null,
    "global_pruning_ratio": 0.5,
    "score_mode": "sum_l2",
    "num_calibration_batches": 128
  },
  "evaluation_results": {
    "cider_d": 0.46979241845795666,
    "spice": 0.1371336011255926,
    "spider": 0.30346300979177465,
    "sbert_sim": 0.5061032901451206,
    "fer": 0.0,
    "fense": 0.5061032901451206,
    "meteor": 0.19122953991439742
  }
}