{
  "model": "conette",
  "compression_technique": "pruning",
  "dataset": "clotho",
  "seed": 42,
  "model_size_mb": 150.788135,
  "unquantized_parameters": 36251738,
  "flops": 82720577126,
  "device": "cuda:0",
  "inference_time_in_s": "154.188",
  "pruning_setup": {
    "decoder_pruning_ratio": null,
    "convnext_3072_threshold": null,
    "convnext_1536_threshold": null,
    "global_pruning_ratio": 0.5,
    "score_mode": "sum_l2",
    "num_calibration_batches": 128
  },
  "evaluation_results": {
    "cider_d": 0.46948966093877326,
    "spice": 0.13603728673348622,
    "spider": 0.3027634738361297,
    "sbert_sim": 0.5059576665982604,
    "fer": 0.0,
    "fense": 0.5059576665982604,
    "meteor": 0.19019528275650352
  }
}