{
  "model": "conette",
  "compression_technique": "pruning",
  "dataset": "clotho",
  "seed": 44,
  "model_size_mb": 184.965543,
  "unquantized_parameters": 44796097,
  "flops": 92876972851,
  "device": "cuda:0",
  "eval_batch_size": 8,
  "total_inference_time_in_s": "169.164",
  "latency_ms_per_sample_mean": 113.27323913574219,
  "latency_ms_per_sample_std": 19.18311882019043,
  "pruning_setup": {
    "decoder_pruning_ratio": 0.7,
    "convnext_3072_threshold": null,
    "convnext_1536_threshold": null,
    "global_pruning_ratio": null,
    "score_mode": "random",
    "num_calibration_batches": 128,
    "calibration_dataset": "clotho",
    "calibration_shuffle": false
  },
  "evaluation_results": {
    "cider_d": 0.44334641993279095,
    "spice": 0.12496407775419763,
    "spider": 0.2841552488434943,
    "sbert_sim": 0.5130948665476088,
    "fer": 0.0019138755980861245,
    "fense": 0.5124132262214875,
    "meteor": 0.18110078978560581
  }
}