{
  "epoch": 3,
  "val_loss": 0.023822542713628016,
  "fense": 0.5099452030869049
}