{
  "model": "conette",
  "compression_technique": "pruning",
  "dataset": "clotho",
  "seed": 42,
  "model_size_mb": 190.009191,
  "unquantized_parameters": 46057051,
  "flops": 92402262220,
  "device": "cuda:0",
  "inference_time_in_s": "161.771",
  "pruning_setup": {
    "decoder_threshold": 0.5,
    "convnext_3072_threshold": null,
    "convnext_1536_threshold": null,
    "global_pruning_ratio": null,
    "score_mode": "wanda",
    "num_calibration_batches": 128
  },
  "evaluation_results": {
    "cider_d": 0.4491723429522682,
    "spice": 0.13487785607532649,
    "spider": 0.29202509951379735,
    "sbert_sim": 0.4990281185696713,
    "fer": 0.0028708133971291866,
    "fense": 0.4974451405640567,
    "meteor": 0.1871287596559775
  }
}