{
  "model": "conette",
  "compression_technique": "pruning",
  "dataset": "clotho",
  "seed": 42,
  "model_size_mb": 190.009255,
  "unquantized_parameters": 46057051,
  "flops": 92531546112,
  "device": "cuda:0",
  "inference_time_in_s": "183.665",
  "pruning_setup": {
    "decoder_pruning_ratio": 0.5,
    "convnext_3072_threshold": null,
    "convnext_1536_threshold": null,
    "global_pruning_ratio": null,
    "score_mode": "wanda",
    "num_calibration_batches": 128
  },
  "evaluation_results": {
    "cider_d": 0.4860800741732078,
    "spice": 0.13741602888536597,
    "spider": 0.31174805152928686,
    "sbert_sim": 0.514518412310434,
    "fer": 0.004784688995215311,
    "fense": 0.5119914564064317,
    "meteor": 0.18910709098845638
  }
}