{
  "model": "conette",
  "compression_technique": "pruning",
  "dataset": "clotho",
  "seed": 42,
  "model_size_mb": 182.445735,
  "unquantized_parameters": 44166133,
  "flops": 92238929305,
  "device": "cuda:0",
  "inference_time_in_s": "169.163",
  "pruning_setup": {
    "decoder_pruning_ratio": 0.8,
    "convnext_3072_threshold": null,
    "convnext_1536_threshold": null,
    "global_pruning_ratio": null,
    "score_mode": "wanda",
    "num_calibration_batches": 128
  },
  "evaluation_results": {
    "cider_d": 0.44181731733368207,
    "spice": 0.12842654629919756,
    "spider": 0.2851219318164398,
    "sbert_sim": 0.5070321667066031,
    "fer": 0.020095693779904306,
    "fense": 0.4984133996589903,
    "meteor": 0.18005718985516403
  }
}