{
  "epoch": 17,
  "val_loss": 0.12398362830850004,
  "fense": 0.5029483848770983
}