{
  "model": "conette",
  "compression_technique": "pruning",
  "dataset": "clotho",
  "seed": 43,
  "model_size_mb": 130.071271,
  "unquantized_parameters": 31072455,
  "flops": 62277345177,
  "device": "cuda:0",
  "eval_batch_size": 8,
  "total_inference_time_in_s": "157.279",
  "latency_ms_per_sample_mean": 130.5580596923828,
  "latency_ms_per_sample_std": 17.480703353881836,
  "pruning_setup": {
    "decoder_pruning_ratio": null,
    "convnext_3072_threshold": null,
    "convnext_1536_threshold": null,
    "global_pruning_ratio": 0.7,
    "score_mode": "random",
    "num_calibration_batches": 128,
    "calibration_dataset": "clotho",
    "calibration_shuffle": false
  },
  "evaluation_results": {
    "cider_d": 0.31435190019958603,
    "spice": 0.10628729364070212,
    "spider": 0.21031959692014407,
    "sbert_sim": 0.4215925985187488,
    "fer": 0.0019138755980861245,
    "fense": 0.4204185762799581,
    "meteor": 0.16197658690362157
  }
}