{
  "epoch": 19,
  "val_loss": 5.028774927590639,
  "fense": 0.4980826768681906
}