{
  "epoch": 9,
  "val_loss": 0.012462912804539535,
  "fense": 0.5105091360963561
}