{
  "epoch": 15,
  "val_loss": 0.08148868350696017,
  "fense": 0.507225567674594
}