{
  "epoch": 12,
  "val_loss": 0.08758929769956429,
  "fense": 0.5065372206769777
}