{
  "epoch": 16,
  "val_loss": 0.03955985038391961,
  "fense": 0.5016355620902121
}