{
  "model": "conette",
  "compression_technique": "pruning",
  "dataset": "audiocaps",
  "seed": 42,
  "model_size_mb": 130.071271,
  "unquantized_parameters": 31072452,
  "flops": 29804057267,
  "device": "cuda:0",
  "inference_time_in_s": "103.862",
  "pruning_setup": {
    "decoder_pruning_ratio": null,
    "convnext_3072_threshold": null,
    "convnext_1536_threshold": null,
    "global_pruning_ratio": 0.7,
    "score_mode": "random",
    "num_calibration_batches": 128
  },
  "evaluation_results": {
    "cider_d": 0.4698172992517949,
    "spice": 0.13666860970348987,
    "spider": 0.3032429544776424,
    "sbert_sim": 0.5151580952671476,
    "fer": 0.0,
    "fense": 0.5151580952671476,
    "meteor": 0.19076045569967714
  }
}