{
  "model": "conette",
  "compression_technique": "pruning",
  "dataset": "audiocaps",
  "seed": 42,
  "model_size_mb": 130.071271,
  "unquantized_parameters": 31072451,
  "flops": 29802070297,
  "device": "cuda:0",
  "inference_time_in_s": "107.510",
  "pruning_setup": {
    "decoder_pruning_ratio": null,
    "convnext_3072_threshold": null,
    "convnext_1536_threshold": null,
    "global_pruning_ratio": 0.7,
    "score_mode": "random",
    "num_calibration_batches": 128
  },
  "evaluation_results": {
    "cider_d": 0.47070175066888087,
    "spice": 0.13717572075597576,
    "spider": 0.3039387357124283,
    "sbert_sim": 0.5161740730731533,
    "fer": 0.0,
    "fense": 0.5161740730731533,
    "meteor": 0.19157260276154975
  }
}