{
  "epoch": 8,
  "val_loss": 5.013215891277517,
  "fense": 0.5056071388577981
}