{
  "epoch": -1,
  "val_loss": 0.5112770290775154,
  "fense": 0.4608312274460819
}