{
  "epoch": 8,
  "val_loss": 4.975434132204711,
  "fense": 0.5022688079785788
}