{
  "model": "conette",
  "compression_technique": "kd+quantization",
  "dataset": "clotho",
  "seed": 42,
  "model_size_mb": 76.909673,
  "unquantized_parameters": 36392069,
  "flops": null,
  "device": "cuda:0",
  "inference_time_in_s": "183.866",
  "evaluation_results": {
    "cider_d": 0.466572152046159,
    "spice": 0.1337715173122419,
    "spider": 0.30017183467920044,
    "sbert_sim": 0.5141506572173793,
    "fer": 0.0019138755980861245,
    "fense": 0.5129766189110015,
    "meteor": 0.18822941515646133
  }
}