{
  "epoch": 9,
  "val_loss": 4.972907852580529,
  "fense": 0.5007704663551167
}