{
  "epoch": 13,
  "val_loss": 0.09559349021838821,
  "fense": 0.5002024732023905
}