{
  "model": "conette",
  "compression_technique": "pruning",
  "dataset": "clotho",
  "seed": 42,
  "model_size_mb": 140.430055,
  "unquantized_parameters": 33662168,
  "flops": 73417015910,
  "device": "cuda:0",
  "inference_time_in_s": "160.058",
  "pruning_setup": {
    "decoder_pruning_ratio": null,
    "convnext_3072_threshold": null,
    "convnext_1536_threshold": null,
    "global_pruning_ratio": 0.6,
    "score_mode": "wanda",
    "num_calibration_batches": 128
  },
  "evaluation_results": {
    "cider_d": 0.43209110835261133,
    "spice": 0.13164066452748444,
    "spider": 0.2818658864400479,
    "sbert_sim": 0.48356263449495773,
    "fer": 0.0,
    "fense": 0.48356263449495773,
    "meteor": 0.184060267713312
  }
}