{
  "epoch": 14,
  "val_loss": 0.5272643092934411,
  "fense": 0.5098840828435984
}