{
  "model": "conette",
  "compression_technique": "kd",
  "dataset": "clotho",
  "seed": 42,
  "model_size_mb": 182.445735,
  "unquantized_parameters": 44166133,
  "flops": 91823517900,
  "device": "cuda:0",
  "inference_time_in_s": "183.093",
  "evaluation_results": {
    "cider_d": 0.4767699413157866,
    "spice": 0.13697603223971605,
    "spider": 0.3068729867777513,
    "sbert_sim": 0.5154806078728021,
    "fer": 0.0019138755980861245,
    "fense": 0.5143093922769909,
    "meteor": 0.1893896488912839
  }
}