{
  "model": "conette",
  "compression_technique": "pruning",
  "dataset": "clotho",
  "seed": 42,
  "model_size_mb": 135.249063,
  "unquantized_parameters": 32366899,
  "flops": 69669570048,
  "device": "cuda:0",
  "inference_time_in_s": "160.504",
  "pruning_setup": {
    "decoder_pruning_ratio": null,
    "convnext_3072_threshold": null,
    "convnext_1536_threshold": null,
    "global_pruning_ratio": 0.65,
    "score_mode": "wanda",
    "num_calibration_batches": 128
  },
  "evaluation_results": {
    "cider_d": 0.3970648367278403,
    "spice": 0.12719364876622663,
    "spider": 0.2621292427470335,
    "sbert_sim": 0.47058233013064665,
    "fer": 0.0009569377990430622,
    "fense": 0.4699867867118719,
    "meteor": 0.17936511193008398
  }
}