{
  "epoch": 14,
  "val_loss": 0.09376451668848518,
  "fense": 0.5005947039540163
}