{
  "model": "conette",
  "compression_technique": "pruning",
  "dataset": "clotho",
  "seed": 42,
  "model_size_mb": 184.965607,
  "unquantized_parameters": 44796097,
  "flops": 92240368640,
  "device": "cuda:0",
  "eval_batch_size": 8,
  "total_inference_time_in_s": "194.214",
  "latency_ms_per_sample_mean": 153.0835723876953,
  "latency_ms_per_sample_std": 23.316728591918945,
  "pruning_setup": {
    "decoder_pruning_ratio": 0.7,
    "convnext_3072_threshold": null,
    "convnext_1536_threshold": null,
    "global_pruning_ratio": null,
    "score_mode": "wanda",
    "num_calibration_batches": 128,
    "calibration_dataset": "clotho",
    "calibration_shuffle": true
  },
  "evaluation_results": {
    "cider_d": 0.46326749044462984,
    "spice": 0.13337467154347374,
    "spider": 0.2983210809940518,
    "sbert_sim": 0.5133573031088596,
    "fer": 0.0028708133971291866,
    "fense": 0.5119751152444327,
    "meteor": 0.18663868363594685
  }
}