{
  "model": "clapcap",
  "compression_technique": "pruning",
  "dataset": "audiocaps",
  "seed": 42,
  "model_size_mb": 861.371671,
  "unquantized_parameters": 214830066,
  "flops": 676358822912,
  "device": "cuda:0",
  "inference_time_in_s": "266.724",
  "pruning_setup": {
    "htsat_pruning_ratio": 0.7,
    "mapper_pruning_ratio": null,
    "score_mode": "sum_l2",
    "num_calibration_batches": 128
  },
  "evaluation_results": {
    "cider_d": 0.5156723848951955,
    "spice": 0.16077757404831136,
    "spider": 0.33822497947175345,
    "sbert_sim": 0.5695996373013044,
    "fer": 0.06769230769230769,
    "fense": 0.5355131767040644,
    "meteor": 0.21563761012656546
  }
}