{
  "epoch": 19,
  "val_loss": 0.021731122382667684,
  "fense": 0.5053075702887688
}