{
  "model": "conette",
  "compression_technique": "pruning",
  "dataset": "audiocaps",
  "seed": 42,
  "model_size_mb": 150.798887,
  "unquantized_parameters": 36254327,
  "flops": 34569596185,
  "device": "cuda:0",
  "inference_time_in_s": "103.240",
  "pruning_setup": {
    "decoder_pruning_ratio": null,
    "convnext_3072_threshold": null,
    "convnext_1536_threshold": null,
    "global_pruning_ratio": 0.5,
    "score_mode": "random",
    "num_calibration_batches": 128
  },
  "evaluation_results": {
    "cider_d": 0.6237388957209441,
    "spice": 0.16218995802571415,
    "spider": 0.3929644268733291,
    "sbert_sim": 0.5784777973401241,
    "fer": 0.0010256410256410256,
    "fense": 0.5779348042347493,
    "meteor": 0.2181261381482323
  }
}