{
  "epoch": 9,
  "val_loss": 0.037929314167331196,
  "fense": 0.5089722864390418
}