{
  "epoch": 6,
  "val_loss": 0.006749939068597351,
  "fense": 0.5123760337001114
}