{
  "epoch": 2,
  "val_loss": 0.6355504539176708,
  "fense": 0.5092597932250876
}