{
  "model": "conette",
  "compression_technique": "pruning",
  "dataset": "clotho",
  "seed": 42,
  "model_size_mb": 179.923815,
  "unquantized_parameters": 43535656,
  "flops": 92438271078,
  "device": "cuda:0",
  "eval_batch_size": 8,
  "total_inference_time_in_s": "135.380",
  "latency_ms_per_sample_mean": 114.64472961425781,
  "latency_ms_per_sample_std": 14.623348236083984,
  "pruning_setup": {
    "decoder_pruning_ratio": 0.9,
    "convnext_3072_threshold": null,
    "convnext_1536_threshold": null,
    "global_pruning_ratio": null,
    "score_mode": "wanda",
    "num_calibration_batches": 128
  },
  "evaluation_results": {
    "cider_d": 0.41759108015145147,
    "spice": 0.12240835682025386,
    "spider": 0.2699997184858527,
    "sbert_sim": 0.5163319876123416,
    "fer": 0.06889952153110047,
    "fense": 0.48853091700688783,
    "meteor": 0.17394674155764728
  }
}