{
  "epoch": 2,
  "val_loss": 0.07786229269877645,
  "fense": 0.5108546702435428
}