{
  "epoch": 15,
  "val_loss": 4.965411517456288,
  "fense": 0.497227219971494
}