{
  "model": "conette",
  "compression_technique": "pruning",
  "dataset": "clotho",
  "seed": 42,
  "model_size_mb": 179.923815,
  "unquantized_parameters": 43535656,
  "flops": 91635246592,
  "device": "cuda:0",
  "inference_time_in_s": "163.197",
  "pruning_setup": {
    "decoder_pruning_ratio": 0.9,
    "convnext_3072_threshold": null,
    "convnext_1536_threshold": null,
    "global_pruning_ratio": null,
    "score_mode": "wanda",
    "num_calibration_batches": 128
  },
  "evaluation_results": {
    "cider_d": 0.4190208125358588,
    "spice": 0.12377245863675908,
    "spider": 0.27139663558630894,
    "sbert_sim": 0.510789548292863,
    "fer": 0.07751196172248803,
    "fense": 0.47880078381774094,
    "meteor": 0.17376698045372443
  }
}