{
  "model": "conette",
  "compression_technique": "pruning",
  "dataset": "clotho",
  "seed": 42,
  "model_size_mb": 179.923879,
  "unquantized_parameters": 43535656,
  "flops": 91541242470,
  "device": "cuda:0",
  "inference_time_in_s": "163.228",
  "pruning_setup": {
    "decoder_pruning_ratio": 0.9,
    "convnext_3072_threshold": null,
    "convnext_1536_threshold": null,
    "global_pruning_ratio": null,
    "score_mode": "wanda",
    "num_calibration_batches": 128
  },
  "evaluation_results": {
    "cider_d": 0.4260163487684368,
    "spice": 0.12726602363581668,
    "spider": 0.27664118620212674,
    "sbert_sim": 0.507007233741466,
    "fer": 0.049760765550239235,
    "fense": 0.4858942160737572,
    "meteor": 0.1761723034206442
  }
}