{
  "epoch": 13,
  "val_loss": 5.010162611954085,
  "fense": 0.5044702687016444
}