{
  "epoch": 7,
  "val_loss": 0.02900514246910128,
  "fense": 0.505524468700709
}