{
  "model": "conette",
  "compression_technique": "pruning",
  "dataset": "clotho",
  "seed": 42,
  "model_size_mb": 184.961511,
  "unquantized_parameters": 44795071,
  "flops": 92260684800,
  "device": "cuda:0",
  "inference_time_in_s": "163.054",
  "pruning_setup": {
    "decoder_threshold": 0.3,
    "convnext_3072_threshold": null,
    "convnext_1536_threshold": null,
    "global_pruning_ratio": null,
    "score_mode": "sum_l2",
    "num_calibration_batches": 0
  },
  "evaluation_results": {
    "cider_d": 0.4481408235026918,
    "spice": 0.13258888173058334,
    "spider": 0.2903648526166376,
    "sbert_sim": 0.49851677333356803,
    "fer": 0.0019138755980861245,
    "fense": 0.497789746155187,
    "meteor": 0.18480869545963252
  }
}