{
  "epoch": 7,
  "val_loss": 0.12552653099516875,
  "fense": 0.5006904216855765
}