{
  "model": "conette",
  "compression_technique": "pruning",
  "dataset": "audiocaps",
  "seed": 42,
  "model_size_mb": 182.445735,
  "unquantized_parameters": 44166133,
  "flops": 43594045926,
  "device": "cuda:0",
  "inference_time_in_s": "100.885",
  "pruning_setup": {
    "decoder_pruning_ratio": 0.8,
    "convnext_3072_threshold": null,
    "convnext_1536_threshold": null,
    "global_pruning_ratio": null,
    "score_mode": "sum_l2",
    "num_calibration_batches": 128
  },
  "evaluation_results": {
    "cider_d": 0.5645633593463271,
    "spice": 0.12039447007982469,
    "spider": 0.3424789147130759,
    "sbert_sim": 0.518831636494933,
    "fer": 0.057435897435897436,
    "fense": 0.4928258648717251,
    "meteor": 0.18111883432507603
  }
}