{
  "model": "conette",
  "compression_technique": "pruning",
  "dataset": "clotho",
  "seed": 43,
  "model_size_mb": 184.965543,
  "unquantized_parameters": 44796097,
  "flops": 92248420147,
  "device": "cuda:0",
  "eval_batch_size": 8,
  "total_inference_time_in_s": "183.762",
  "latency_ms_per_sample_mean": 155.13003540039062,
  "latency_ms_per_sample_std": 30.6455020904541,
  "pruning_setup": {
    "decoder_pruning_ratio": 0.7,
    "convnext_3072_threshold": null,
    "convnext_1536_threshold": null,
    "global_pruning_ratio": null,
    "score_mode": "random",
    "num_calibration_batches": 128,
    "calibration_dataset": "clotho",
    "calibration_shuffle": false
  },
  "evaluation_results": {
    "cider_d": 0.4358774684385666,
    "spice": 0.1276539114111002,
    "spider": 0.2817656899248334,
    "sbert_sim": 0.5113700378989203,
    "fer": 0.0028708133971291866,
    "fense": 0.5103814184687069,
    "meteor": 0.1822358302677861
  }
}